id;nome_do_evento;descricao;data_cadastro;data_do_evento;endereco;thumbnail;thumbnail_content_type
1;mobile Fish;Home Loan Account Table Computer;2019-11-13;2019-11-12;seamless Metal deposit;../fake-data/blob/hipster.png;image/png
2;Producer;Implementation Electronics Officer;2019-11-12;2019-11-12;Albania web-readiness;../fake-data/blob/hipster.png;image/png
3;Namibia;Steel zero administration;2019-11-12;2019-11-12;Licensed Savings Account;../fake-data/blob/hipster.png;image/png
4;Cambridgeshire Mississippi;HDD;2019-11-12;2019-11-12;Small Frozen Sausages Planner;../fake-data/blob/hipster.png;image/png
5;envisioneer Music Public-key;infomediaries;2019-11-12;2019-11-12;backing up Salad;../fake-data/blob/hipster.png;image/png
6;Digitized invoice;convergence;2019-11-12;2019-11-12;Chair Facilitator;../fake-data/blob/hipster.png;image/png
7;Views e-enable Communications;National Awesome sky blue;2019-11-13;2019-11-12;navigating;../fake-data/blob/hipster.png;image/png
8;interactive generating compelling;Home Loan Account;2019-11-12;2019-11-12;back-end;../fake-data/blob/hipster.png;image/png
9;Industrial;index orange;2019-11-13;2019-11-13;magenta monitor 1080p;../fake-data/blob/hipster.png;image/png
10;Unbranded Plastic Tuna Frozen;generating Highway Ergonomic;2019-11-12;2019-11-12;moratorium pixel withdrawal;../fake-data/blob/hipster.png;image/png
